PeakPosition,Year,WeeksOnChart,Artists,Name,cluster
1,2001,23,Crazy Town,Butterfly,4
1,2014,39,Iggy Azalea,Fancy,2
1,2019,23,Ariana Grande,7 Rings,3
1,2010,29,Taio Cruz,Break Your Heart,4
1,2001,31,Jennifer Lopez,I'm Real,4
1,2006,31,Chamillionaire,Ridin',4
1,2018,28,Ariana Grande,"Thank U, Next",1
1,2015,36,Taylor Swift,Blank Space,4
1,2017,35,Cardi B,Bodak Yellow,2
1,2013,44,Lorde,Royals,2
1,2016,52,Sia,Cheap Thrills,4
1,2006,28,Rihanna,SOS,0
1,2005,43,Mariah Carey,We Belong Together,1
1,2010,48,Bruno Mars,Just The Way You Are,0
1,2011,30,Katy Perry,E.T.,1
1,2008,23,Katy Perry,I Kissed A Girl,4
1,2013,32,Miley Cyrus,Wrecking Ball,3
1,2012,36,Bruno Mars,Locked Out Of Heaven,4
1,2018,52,Maroon 5,Girls Like You,3
1,2012,42,Maroon 5,One More Night,4
1,1999,32,TLC,Unpretty,2
1,2016,36,Drake,One Dance,1
1,2006,26,Nelly Furtado,Promiscuous,4
1,2002,26,Nelly,Hot In Herre,4
1,2012,26,Rihanna,Diamonds,2
1,2016,27,Rae Sremmurd,Black Beatles,1
1,2008,39,Leona Lewis,Bleeding Love,2
1,2001,28,Shaggy,Angel,4
1,2009,40,Lady Gaga,Poker Face,4
1,2000,33,Savage Garden,I Knew I Loved You,2
1,2017,20,Taylor Swift,Look What You Made Me Do,2
1,2010,22,Rihanna,Rude Boy,1
1,2006,32,Daniel Powter,Bad Day,1
1,2002,32,Ashanti,Foolish,1
1,1999,20,Enrique Iglesias,Bailamos,4
1,2010,22,Rihanna,What's My Name?,1
1,2004,30,Usher,Burn,1
1,1999,25,Christina Aguilera,Genie In A Bottle,1
1,2002,27,Jennifer Lopez,Ain't It Funny,1
1,2016,52,The Chainsmokers,Closer,2
1,2011,36,Bruno Mars,Grenade,3
1,2000,32,Destiny's Child,Say My Name,4
1,2004,32,OutKast,Hey Ya!,4
1,2011,65,Adele,Rolling In The Deep,4
1,2017,59,Ed Sheeran,Shape Of You,1
1,2018,57,Ed Sheeran,Perfect,2
1,2005,31,Gwen Stefani,Hollaback Girl,4
1,2002,29,Nelly,Dilemma,1
1,2000,55,Lonestar,Amazed,3
1,2001,25,Shaggy,It Wasn't Me,1
1,2001,41,Mary J. Blige,Family Affair,4
1,2010,33,Katy Perry,Teenage Dream,4
1,2012,24,Taylor Swift,We Are Never Ever Getting Back Together,4
1,2012,29,Flo Rida,Whistle,1
1,2002,27,Ja Rule,Always On Time,4
1,2008,31,T.I.,Whatever You Like,1
1,2009,49,Lady Gaga,Just Dance,1
1,2018,36,Drake,God's Plan,2
1,2013,48,Robin Thicke,Blurred Lines,4
1,2006,21,Fergie,London Bridge,1
1,2011,17,Britney Spears,Hold It Against Me,1
1,2008,37,Rihanna,Disturbia,4
1,2004,22,Twista,Slow Jamz,1
1,2001,23,OutKast,Ms. Jackson,4
1,2008,51,Coldplay,Viva La Vida,0
1,2009,26,Flo Rida,Right Round,4
1,2001,34,Alicia Keys,Fallin',2
1,2005,39,Kanye West,Gold Digger,1
1,2017,52,"Luis Fonsi, Daddy Yankee",Despacito,1
1,2004,25,Usher,Confessions Part II,1
1,2014,50,Taylor Swift,Shake It Off,4
1,2008,20,Mariah Carey,Touch My Body,4
1,2011,20,Lady Gaga,Born This Way,0
1,2001,19,Destiny's Child,Bootylicious,1
1,2014,47,Meghan Trainor,All About That Bass,4
1,2004,28,Juvenile,Slow Motion,1
1,2017,52,Bruno Mars,That's What I Like,1
1,2004,31,Terror Squad,Lean Back,1
1,2011,25,Wiz Khalifa,Black And Yellow,1
1,2014,41,MAGIC!,Rude,1
1,2017,37,Kendrick Lamar,Humble.,1
1,2019,17,Jonas Brothers,Sucker,1
1,2013,20,Baauer,Harlem Shake,1
1,2013,35,Katy Perry,Roar,0
1,2019,39,"Lady Gaga, Bradley Cooper",Shallow,2
1,2006,38,James Blunt,You're Beautiful,3
1,2006,31,Sean Paul,Temperature,1
1,2008,28,Lil Wayne,Lollipop,1
1,2013,35,Bruno Mars,When I Was Your Man,3
1,2005,21,Mariah Carey,Don't Forget About Us,2
1,2001,24,Usher,U Remind Me,4
1,2004,10,Fantasia,I Believe,2
1,2009,40,Jay Sean,Down,1
1,2006,28,Nelly,Grillz,4
1,2006,26,D4L,Laffy Taffy,1
1,2010,29,Eminem,Love The Way You Lie,4
1,2007,33,Rihanna,Umbrella,1
1,2003,30,50 Cent,In Da Club,4
1,2002,49,Nickelback,How You Remind Me,0
1,2016,41,Justin Bieber,Love Yourself,3
1,2012,41,Rihanna,We Found Love,1
1,2007,26,Maroon 5,Makes Me Wonder,4
1,2018,47,Travis Scott,Sicko Mode,0
1,2000,20,Enrique Iglesias,Be With You,1
1,2012,42,LMFAO,Sexy And I Know It,4
1,2009,32,Jason Derulo,Whatcha Say,4
1,2002,23,Eminem,Lose Yourself,1
1,2005,23,50 Cent,Candy Shop,4
1,2016,36,Rihanna,Work,2
1,2018,25,Drake,Nice For What,4
1,2003,32,Sean Paul,Get Busy,4
1,2018,22,Drake,In My Feelings,1
1,2004,36,Mario,Let Me Love You,2
1,2010,39,Katy Perry,Firework,4
1,1999,20,Destiny's Child,"Bills, Bills, Bills",2
1,2007,39,Alicia Keys,No One,1
1,2010,27,Katy Perry,California Gurls,1
1,2015,26,Adele,Hello,3
1,2014,57,Katy Perry,Dark Horse,0
1,2012,43,Adele,Set Fire To The Rain,1
1,2012,22,Katy Perry,Part Of Me,4
1,2003,23,50 Cent,21 Questions,4
1,2007,23,Akon,Don't Matter,3
1,2010,30,P!nk,Raise Your Glass,4
1,2007,29,Fergie,Glamorous,1
1,2015,31,Justin Bieber,What Do You Mean?,4
1,2009,24,Kelly Clarkson,My Life Would Suck Without You,0
1,2007,26,Timbaland,Give It To Me,4
1,2000,41,Vertical Horizon,Everything You Want,1
1,2018,51,"Cardi B, Bad Bunny, J Balvin",I Like It,4
1,2000,39,matchbox twenty,Bent,4
1,2002,32,Usher,U Got It Bad,1
1,2007,24,Avril Lavigne,Girlfriend,0
1,2018,38,XXXTENTACION,Sad!,2
1,2004,30,Snoop Dogg,Drop It Like It's Hot,1
1,2009,31,Owl City,Fireflies,1
1,2000,26,Sisqo,Incomplete,3
1,2007,27,Kanye West,Stronger,2
1,2011,39,Adele,Someone Like You,2
1,2016,42,Justin Bieber,Sorry,1
1,2007,22,Sean Kingston,Beautiful Girls,1
1,2019,38,Halsey,Without Me,2
1,2003,22,"B2K, P. Diddy","Bump, Bump, Bump",1
1,2000,24,Christina Aguilera,What A Girl Wants,1
1,2007,35,Plain White T's,Hey There Delilah,3
1,2016,24,Zayn,Pillowtalk,2
1,2017,30,The Weeknd,Starboy,0
1,2008,23,Britney Spears,Womanizer,2
1,2012,59,Gotye,Somebody That I Used To Know,3
1,2013,29,Eminem,The Monster,1
1,2000,24,Madonna,Music,4
1,2003,28,Ludacris,Stand Up,4
1,2014,59,John Legend,All Of Me,3
1,2012,50,Carly Rae Jepsen,Call Me Maybe,4
1,2002,20,Kelly Clarkson,A Moment Like This,0
1,2000,47,Creed,With Arms Wide Open,1
1,2006,29,Akon,I Wanna Love You,1
1,2016,40,Desiigner,Panda,2
1,2008,27,Rihanna,Take A Bow,2
1,2015,25,Taylor Swift,Bad Blood,0
1,2010,25,Eminem,Not Afraid,1
1,2018,17,Childish Gambino,This Is America,4
1,2007,30,Nelly Furtado,Say It Right,1
1,2006,25,Ludacris,Money Maker,1
1,2007,23,Mims,This Is Why I'm Hot,2
1,2009,20,Britney Spears,3,4
1,2009,17,"Eminem, Dr. Dre, 50 Cent",Crack A Bottle,0
1,2008,31,P!nk,So What,0
2,2014,25,Ariana Grande,Problem,1
2,2002,39,Linkin Park,In The End,1
2,2014,54,Sam Smith,Stay With Me,3
2,2015,58,Ed Sheeran,Thinking Out Loud,3
2,2002,22,Eve,Gangsta Lovin',1
2,2016,36,Lukas Graham,7 Years,2
2,2003,33,Chingy,Right Thurr,1
2,2009,24,Drake,Best I Ever Had,1
2,2003,24,Lil' Kim,Magic Stick,1
2,1999,37,Brian McKnight,Back At One,2
2,2010,47,Taio Cruz,Dynamite,4
2,2015,52,Fetty Wap,Trap Queen,4
2,2019,45,"Marshmello, Bastille",Happier,4
2,2015,36,Drake,Hotline Bling,1
2,2003,42,R. Kelly,Ignition,2
2,2003,27,Christina Aguilera,Beautiful,3
2,2003,20,Ja Rule,Mesmerize,1
2,2016,52,twenty one pilots,Stressed Out,1
2,2004,38,Hoobastank,The Reason,3
2,2016,39,twenty one pilots,Heathens,1
2,2014,41,Hozier,Take Me To Church,3
2,2002,20,Eminem,Without Me,4
2,2014,22,Nicki Minaj,Anaconda,4
2,2008,33,Chris Brown,Forever,2
2,2008,23,David Archuleta,Crush,1
2,2019,20,Ariana Grande,"Break Up With Your Girlfriend, I'm Bored",0
2,2015,42,Maroon 5,Sugar,1
2,2002,31,Avril Lavigne,Complicated,1
2,2004,20,Chingy,One Call Away,4
2,2010,35,Lady Gaga,Bad Romance,1
2,2008,29,Chris Brown,With You,1
2,2009,50,Taylor Swift,You Belong With Me,0
2,2009,28,Miley Cyrus,Party In The U.S.A.,2
2,2001,20,Destiny's Child,Survivor,1
2,2010,34,Iyaz,Replay,2
2,2007,40,Gwen Stefani,The Sweet Escape,1
2,2006,29,Gnarls Barkley,Crazy,4
2,2019,8,Shawn Mendes,If I Can't Have You,1
2,2019,13,Billie Eilish,Bad Guy,2
2,2001,53,Lifehouse,Hanging By A Moment,1
2,2010,18,Taylor Swift,Today Was A Fairytale,0
2,2018,22,Drake,Nonstop,2
2,2013,36,Taylor Swift,I Knew You Were Trouble.,1
2,2007,47,Timbaland,Apologize,2
2,2012,31,Maroon 5,Payphone,1
2,2007,20,Fall Out Boy,"This Ain't A Scene, It's An Arms Race",0
2,2006,30,Akon,Smack That,4
2,2012,26,Katy Perry,Wide Awake,0
2,2007,27,Fergie,Fergalicious,4
2,2018,46,Juice WRLD,Lucid Dreams,2
2,2012,57,Ellie Goulding,Lights,4
2,2009,27,Jamie Foxx,Blame It,0
2,2012,20,Justin Bieber,Boyfriend,2
2,2014,68,OneRepublic,Counting Stars,1
2,2000,32,Marc Anthony,You Sang To Me,4
2,1999,20,Ricky Martin,She's All I Ever Had,2
2,2000,37,Toni Braxton,He Wasn't Man Enough,4
2,2019,2,Taylor Swift,You Need To Calm Down,1
2,2005,27,Rihanna,Pon de Replay,4
2,2005,36,Green Day,Boulevard Of Broken Dreams,0
2,2005,23,The Game,Hate It Or Love It,2
2,2009,30,Kanye West,Heartless,4
2,2005,46,Kelly Clarkson,Since U Been Gone,1
2,2000,53,Faith Hill,Breathe,2
2,2010,25,Young Money,BedRock,4
2,2013,42,Justin Timberlake,Mirrors,2
2,2005,33,Nickelback,Photograph,0
2,2005,26,Mariah Carey,Shake It Off,1
2,2001,33,Eve,Let Me Blow Ya Mind,4
2,2001,14,Mariah Carey,Loverboy,1
2,1999,25,Jennifer Lopez,If You Had My Love,4
2,2013,21,One Direction,Best Song Ever,1
2,2005,40,The Pussycat Dolls,Don't Cha,1
2,2013,26,Miley Cyrus,We Can't Stop,1
3,2016,20,Meghan Trainor,No,1
3,2018,8,Eminem,Killshot,1
3,2003,20,Justin Timberlake,Cry Me A River,2
3,2018,27,Ariana Grande,No Tears Left To Cry,2
3,2003,20,Nelly,Air Force Ones,1
3,2009,31,Keri Hilson,Knock You Down,0
3,2018,20,6ix9ine,FEFE,1
3,2000,22,Christina Aguilera,I Turn To You,3
3,2000,28,Sisqo,Thong Song,1
3,2002,30,No Doubt,Underneath It All,4
3,2018,52,Post Malone,Better Now,2
3,2008,39,Katy Perry,Hot N Cold,4
3,2017,39,"The Chainsmokers, Coldplay",Something Just Like This,2
3,2010,33,Lady Gaga,Telephone,4
3,2001,29,Nelly,Ride Wit Me,4
3,2010,54,Train,"Hey, Soul Sister",1
3,2002,26,Usher,U Don't Have To Call,1
3,2001,34,Enrique Iglesias,Hero,0
3,2017,42,French Montana,Unforgettable,4
3,2018,23,"Bruno Mars, Cardi B",Finesse,4
3,2000,53,3 Doors Down,Kryptonite,4
3,2001,21,Jennifer Lopez,Love Don't Cost A Thing,4
3,2001,39,Dido,Thank You,1
3,2017,30,"J Balvin, Willy William",Mi Gente,2
3,2019,30,Mariah Carey,All I Want For Christmas Is You,0
3,2017,24,Lil Pump,Gucci Gang,4
3,2008,22,Britney Spears,Circus,4
3,2004,24,Nelly,Over And Over,0
3,2004,23,Destiny's Child,Lose My Breath,1
3,2011,29,Jennifer Lopez,On The Floor,1
3,2006,30,The Pussycat Dolls,Buttons,1
3,2006,58,The Fray,How To Save A Life,2
3,2008,20,David Cook,The Time Of My Life,0
3,2006,33,Hinder,Lips Of An Angel,1
3,2011,24,Lady Gaga,The Edge Of Glory,0
3,2019,19,"Cardi B, Bruno Mars",Please Me,1
3,2014,31,"Jessie J, Ariana Grande, Nicki Minaj",Bang Bang,1
3,2012,37,The Wanted,Glad You Came,0
3,2014,30,Iggy Azalea,Black Widow,0
3,2019,20,Khalid,Talk,1
3,2005,29,50 Cent,Disco Inferno,1
3,2012,62,The Lumineers,Ho Hey,3
3,2013,32,Rihanna,Stay,3
3,2008,26,"Ray J, Yung Berg",Sexy Can I,1
3,2008,30,Rihanna,Don't Stop The Music,4
3,1999,17,LFO,Summer Girls,4
3,2013,87,Imagine Dragons,Radioactive,0
3,2013,24,"will.i.am, Britney Spears",Scream & Shout,1
3,2006,20,T.I.,What You Know,2
3,2012,56,fun.,Some Nights,1
3,2006,22,Sean Paul,Give It Up To Me,4
3,2013,20,Eminem,Berzerk,4
3,2012,16,One Direction,Live While We're Young,1
3,2003,22,Kelis,Milkshake,1
3,2012,37,Flo Rida,Good Feeling,1
3,1999,20,Jessica Simpson,I Wanna Love You Forever,3
3,2011,40,Foster The People,Pumped Up Kicks,4
3,2012,29,Bruno Mars,It Will Rain,1
3,2004,20,Alicia Keys,You Don't Know My Name,0
3,2007,38,Timbaland,The Way I Are,4
3,2003,25,50 Cent,P.I.M.P.,4
3,2012,24,Katy Perry,The One That Got Away,1
3,2010,23,Taylor Swift,Mine,4
3,2008,23,Kanye West,Love Lockdown,1
3,2015,20,One Direction,Drag Me Down,1
3,1999,21,Pearl Jam,Last Kiss,4
3,2003,21,Chingy,Holidae In,4
3,2011,39,Nicki Minaj,Super Bass,4
3,1999,40,Marc Anthony,I Need To Know,1
3,2007,20,Britney Spears,Gimme More,1
3,2014,33,Maroon 5,Animals,0
3,2011,21,Lil Wayne,She Will,0
3,2012,29,Whitney Houston,I Will Always Love You,3
4,2017,52,Imagine Dragons,Thunder,1
4,2001,32,Lenny Kravitz,Again,1
4,2008,41,Sara Bareilles,Love Song,1
4,2017,24,Sam Smith,Too Good At Goodbyes,3
4,2011,22,Bad Meets Evil,Lighters,3
4,2017,45,Portugal. The Man,Feel It Still,1
4,2011,33,Jeremih,Down On Me,1
4,2017,20,Taylor Swift,...Ready For It?,1
4,2001,22,Case,Missing You,1
4,2009,20,Jeremih,Birthday Sex,2
4,2012,34,One Direction,What Makes You Beautiful,4
4,2007,24,Dixie Chicks,Not Ready To Make Nice,2
4,2007,29,Daughtry,It's Not Over,0
4,2011,27,Bruno Mars,The Lazy Song,4
4,2018,18,The Weeknd,Call Out My Name,3
4,2000,27,P!nk,Most Girls,1
4,2001,21,Madonna,Don't Tell Me,4
4,2000,19,Eminem,The Real Slim Shady,4
4,2009,28,Miley Cyrus,The Climb,0
4,2000,44,Joe,I Wanna Know,2
4,2000,22,Samantha Mumba,Gotta Tell You,1
4,2017,52,Imagine Dragons,Believer,4
4,2015,29,Meghan Trainor,Lips Are Movin,4
4,2010,38,Enrique Iglesias,I Like It,4
4,2015,20,"Rihanna, Kanye West, Paul McCartney",FourFiveSeconds,3
4,2004,26,Nina Sky,Move Ya Body,4
4,2016,33,DJ Snake,Let Me Love You,2
4,2004,25,Kevin Lyttle,Turn Me On,4
4,2014,22,Ariana Grande,Break Free,0
4,2009,49,Taylor Swift,Love Story,1
4,2004,40,Alicia Keys,If I Ain't Got You,3
4,2015,52,Shawn Mendes,Stitches,1
4,2016,39,Flo Rida,My House,4
4,2002,22,LL Cool J,Luv U Better,4
4,2003,45,3 Doors Down,When I'm Gone,0
4,2003,27,Avril Lavigne,I'm With You,0
4,2015,53,WALK THE MOON,Shut Up And Dance,1
4,2002,20,Eminem,Cleanin' Out My Closet,4
4,2016,37,Mike Posner,I Took A Pill In Ibiza,2
4,2004,20,Nelly,My Place,1
4,2013,54,Florida Georgia Line,Cruise,4
4,2011,20,Dr. Dre,I Need A Doctor,1
4,2017,20,Kendrick Lamar,DNA.,1
4,2017,13,Harry Styles,Sign Of The Times,0
4,2005,20,Akon,Lonely,4
4,2001,30,Ginuwine,Differences,3
4,2013,33,Drake,"Hold On, We're Going Home",2
4,2017,26,The Weeknd,I Feel It Coming,1
4,2013,23,Lady Gaga,Applause,4
4,2001,29,112,Peaches & Cream,1
4,2016,28,Ariana Grande,Side To Side,0
4,2016,41,Bruno Mars,24K Magic,1
4,2002,29,Creed,My Sacrifice,1
4,2002,24,P!nk,Get The Party Started,4
4,2014,37,"DJ Snake, Lil Jon",Turn Down For What,1
4,2005,28,The Game,How We Do,1
4,2014,26,"A Great Big World, Christina Aguilera",Say Something,3
4,2017,20,Lady Gaga,Million Reasons,3
4,2017,15,Katy Perry,Chained To The Rhythm,1
4,2008,20,M.I.A.,Paper Planes,1
4,1999,30,Smash Mouth,All Star,4
4,2000,32,Montell Jordan,Get It On Tonite,4
4,2019,47,Panic! At The Disco,High Hopes,4
4,2009,57,Kings Of Leon,Use Somebody,1
4,2019,23,J. Cole,Middle Child,2
4,1999,28,Whitney Houston,My Love Is Your Love,2
5,2008,27,Kardinal Offishall,Dangerous,4
5,2018,35,Ella Mai,Boo'd Up,2
5,2009,21,Sean Kingston,Fire Burning,1
5,2003,51,3 Doors Down,Here Without You,0
5,2015,37,Sam Smith,I'm Not The Only One,3
5,2003,32,Evanescence,Bring Me To Life,0
5,2018,33,Halsey,Bad At Love,1
5,2003,22,Justin Timberlake,Rock Your Body,4
5,2015,27,Taylor Swift,Wildest Dreams,0
5,2008,35,Kevin Rudolf,Let It Rock,4
5,2009,22,Lady Gaga,LoveGame,4
5,2000,26,Ruff Endz,No More,4
5,2015,35,Jason Derulo,Want To Want Me,1
5,2015,26,Selena Gomez,Good For You,2
5,2003,54,matchbox twenty,Unwell,0
5,2004,20,Ja Rule,Wonderful,4
5,2018,15,DJ Khaled,No Brainer,1
5,2004,41,Maroon 5,She Will Be Loved,1
5,2018,40,"Zedd, Maren Morris, Grey",The Middle,2
5,2008,35,Natasha Bedingfield,Pocketful Of Sunshine,4
5,2004,21,Ashlee Simpson,Pieces Of Me,1
5,2014,43,Passenger,Let Her Go,2
5,2014,53,Bastille,Pompeii,0
5,2008,16,Jonas Brothers,Burnin' Up,1
5,2004,43,Maroon 5,This Love,4
5,2004,30,Christina Milian,Dip It Low,0
5,2001,25,Nelly Furtado,Turn Off The Light,1
5,2001,46,Staind,It's Been Awhile,0
5,2017,31,Future,Mask Off,1
5,2017,31,Rihanna,Love On The Brain,0
5,2001,33,Uncle Kracker,Follow Me,4
5,2017,40,Charlie Puth,Attention,1
5,2001,53,Train,Drops Of Jupiter,1
5,2010,20,Justin Bieber,Baby,4
5,2010,21,Drake,Find Your Love,4
5,2016,28,Selena Gomez,Same Old Love,2
5,2010,23,Lady Gaga,Alejandro,2
5,2016,34,Alessia Cara,Here,1
5,2001,42,matchbox twenty,If You're Gone,2
5,2002,45,The Calling,Wherever You Will Go,1
5,2002,20,No Doubt,Hey Baby,0
5,2002,38,Puddle Of Mudd,Blurry,1
5,2002,33,Jimmy Eat World,The Middle,1
5,2010,34,Jason Derulo,In My Head,1
5,2002,41,Vanessa Carlton,A Thousand Miles,2
5,2016,39,twenty one pilots,Ride,4
5,2005,26,The Pussycat Dolls,Stickwitu,2
5,2012,31,Nicki Minaj,Starships,4
5,2007,47,Colbie Caillat,Bubbly,2
5,2012,26,Rihanna,Where Have You Been,1
5,2000,27,Macy Gray,I Try,1
5,2007,37,Daughtry,Home,0
5,2007,27,Jim Jones,We Fly High,1
5,2007,25,Fergie,Clumsy,1
5,2013,24,Justin Bieber,Beauty And A Beat,1
5,2006,42,Natasha Bedingfield,Unwritten,4
5,2007,20,Ludacris,Runaway Love,1
5,2019,5,Logic,Homicide,4
5,2007,23,J. Holiday,Bed,4
5,2007,20,50 Cent,Ayo Technology,0
5,2011,24,Lil Wayne,How To Love,0
5,2006,45,Snow Patrol,Chasing Cars,2
5,1999,20,Ricky Martin,Livin' La Vida Loca,1
5,2005,62,Lifehouse,You And Me,0
5,2013,23,Bruno Mars,Treasure,4
6,2001,24,Shakira,"Whenever, Wherever",1
6,2018,28,Sheck Wes,Mo Bamba,3
6,2017,20,The Chainsmokers,Paris,1
6,2001,25,Ja Rule,Livin' It Up,4
6,2017,28,Big Sean,Bounce Back,1
6,2016,39,Shawn Mendes,Treat You Better,4
6,2002,28,Michelle Branch,All You Wanted,4
6,1999,31,Backstreet Boys,I Want It That Way,2
6,2006,18,Gwen Stefani,Wind It Up,4
6,2008,50,Finger Eleven,Paralyzer,4
6,2017,33,Ed Sheeran,Castle On The Hill,1
6,2010,21,Ludacris,How Low,1
6,2000,24,Backstreet Boys,Show Me The Meaning Of Being Lonely,4
6,2017,22,"Migos, Nicki Minaj, Cardi B",MotorSport,1
6,2001,20,112,It's Over Now,1
6,2017,36,Demi Lovato,Sorry Not Sorry,4
6,2000,20,Erykah Badu,Bag Lady,3
6,2018,5,J. Cole,ATM,2
6,2001,56,Faith Hill,The Way You Love Me,1
6,2007,49,Nickelback,Rockstar,1
6,2018,48,Dua Lipa,New Rules,4
6,2007,21,Rich Boy,Throw Some D's,0
6,2009,27,Lady Gaga,Paparazzi,1
6,2017,20,Kodak Black,Tunnel Vision,0
6,2017,41,Sam Hunt,Body Like A Back Road,3
6,2017,34,Shawn Mendes,There's Nothing Holdin' Me Back,4
6,2007,23,Huey,"Pop, Lock & Drop It",1
6,2012,29,Jessie J,Domino,4
6,2005,27,Green Day,Wake Me Up When September Ends,0
6,2004,20,Twista,Overnight Celebrity,4
6,2008,23,Lil Wayne,A Milli,4
6,2004,18,D12,My Band,1
6,2014,20,Selena Gomez,The Heart Wants What It Wants,4
6,2005,28,Sean Paul,We Be Burnin',1
6,2005,19,50 Cent,Outta Control,2
6,2010,20,Taylor Swift,Back To December,1
6,2014,31,Jeremih,Don't Tell 'Em,3
6,2015,32,Taylor Swift,Style,1
6,2004,27,Jagged Edge,Walked Outta Heaven,2
6,2013,22,Drake,Started From The Bottom,2
6,2018,37,Camila Cabello,Never Be The Same,1
6,2004,21,Ludacris,Splash Waterfalls,4
6,2013,61,Imagine Dragons,Demons,1
6,2014,38,Lorde,Team,2
6,2013,32,One Direction,Story Of My Life,3
6,2005,34,Rob Thomas,Lonely No More,4
6,2004,46,Kelly Clarkson,Breakaway,0
6,2014,22,Maroon 5,Maps,1
6,2005,34,Kelly Clarkson,Behind These Hazel Eyes,0
6,2004,19,Eminem,Just Lose It,4
6,2016,14,Drake,Summer Sixteen,3
6,2012,29,Justin Bieber,As Long As You Love Me,1
6,2012,22,Taylor Swift,Red,1
6,2006,20,Christina Aguilera,Ain't No Other Man,4
6,2006,20,Rihanna,Unfaithful,3
6,2002,34,Creed,One Last Breath,1
6,2012,39,Neon Trees,Everybody Talks,0
6,2008,76,Jason Mraz,I'm Yours,2
6,2010,29,Mike Posner,Cooler Than Me,4
6,2006,21,Eminem,Shake That,1
6,2013,33,Swedish House Mafia,Don't You Worry Child,1
6,2010,24,Lil Wayne,Right Above It,1
6,2011,15,Wiz Khalifa,No Sleep,4
6,2011,27,Chris Brown,Look At Me Now,2
6,2006,26,Red Hot Chili Peppers,Dani California,1
6,2012,21,Flo Rida,I Cry,4
6,2003,20,Snoop Dogg,Beautiful,4
6,2015,31,Rachel Platten,Fight Song,0
6,2013,40,Phillip Phillips,Home,1
6,2006,51,Rascal Flatts,What Hurts The Most,0
6,2006,25,Nick Lachey,What's Left Of Me,0
6,2009,20,Linkin Park,New Divide,0
6,2018,29,"Lil Baby, Drake",Yes Indeed,4
7,2006,20,Rascal Flatts,Life Is A Highway,4
7,2002,20,Kylie Minogue,Can't Get You Out Of My Head,4
7,2008,25,Sean Kingston,Take You There,4
7,2012,44,Alex Clare,Too Close,2
7,2003,20,Ashanti,Rain On Me,2
7,2002,18,Brandy,What About Us?,0
7,2018,48,5 Seconds Of Summer,Youngblood,0
7,2011,27,Jason Aldean,Dirt Road Anthem,1
7,2008,20,Snoop Dogg,Sensual Seduction,4
7,2016,45,Rihanna,Needed Me,3
7,2007,26,Rihanna,Hate That I Love You,4
7,2005,27,Gwen Stefani,Rich Girl,4
7,2008,19,Yael Naim,New Soul,3
7,2016,20,J. Cole,Deja Vu,2
7,1999,24,Donell Jones,U Know What's Up,4
7,2002,20,Alicia Keys,A Woman's Worth,3
7,2003,33,Baby Bash,Suga Suga,3
7,2017,31,"Zedd, Alessia Cara",Stay,4
7,2004,50,Nickelback,Someday,0
7,2006,20,Jibbs,Chain Hang Low,1
7,2011,30,Hot Chelle Rae,Tonight Tonight,4
7,2007,19,Akon,"Sorry, Blame It On Me",0
7,2007,21,Kanye West,Good Life,1
7,2007,20,Hurricane Chris,A Bay Bay,4
7,2018,20,Lil Wayne,Uproar,1
7,2012,20,Taylor Swift,Begin Again,2
7,2017,34,Lil Uzi Vert,XO TOUR Llif3,0
7,2009,39,The Fray,You Found Me,0
7,2014,22,"Ariana Grande, The Weeknd",Love Me Harder,1
7,2009,21,Mariah Carey,Obsessed,2
7,2005,20,Madonna,Hung Up,2
7,2002,39,Sean Paul,Gimme The Light,1
7,2013,20,Eminem,Rap God,4
7,2009,41,Shinedown,Second Chance,1
7,1999,32,Sugar Ray,Someday,1
7,2000,57,Creed,Higher,1
7,2005,20,David Banner,Play,1
7,2008,18,Christina Aguilera,Keeps Gettin' Better,0
7,2014,33,Disclosure,Latch,1
7,2005,37,Kelly Clarkson,Because Of You,3
7,2014,26,Calvin Harris,Summer,1
7,2012,25,Tyga,Rack City,3
7,2003,29,Dixie Chicks,Landslide,3
7,2000,21,Next,Wifey,4
7,2003,25,Tyrese,How You Gonna Act Like That,1
7,2019,13,DaBaby,Suge,1
7,2005,22,Pretty Ricky,Grind With Me,1
7,2016,20,Selena Gomez,Hands To Myself,2
7,2005,28,Will Smith,Switch,1
7,2000,32,P!nk,There You Go,4
7,2012,34,Drake,Take Care,1
7,2015,32,Nick Jonas,Jealous,2
7,2007,23,Keyshia Cole,Let It Go,4
7,2004,20,Kanye West,All Falls Down,2
7,2004,32,Evanescence,My Immortal,3
7,2018,16,Drake,I'm Upset,2
7,2013,25,Maroon 5,Daylight,1
7,2002,20,Dixie Chicks,Long Time Gone,1
7,2011,20,Britney Spears,I Wanna Go,4
7,2001,20,Aerosmith,Jaded,4
7,2007,23,Linkin Park,What I've Done,0
8,2012,44,Jason Mraz,I Won't Give Up,3
8,2014,22,Justin Timberlake,Not A Bad Thing,3
8,2001,28,City High,What Would You Do?,4
8,2004,27,Akon,Locked Up,2
8,2001,27,Ja Rule,Put It On Me,0
8,1999,20,Jennifer Lopez,Waiting For Tonight,4
8,2007,16,Kelly Clarkson,Never Again,0
8,2017,50,Post Malone,Congratulations,0
8,2000,24,Sonique,It Feels So Good,0
8,2008,4,Jonas Brothers,Tonight,1
8,2007,31,Jordin Sparks,Tattoo,1
8,2011,35,OneRepublic,Good Life,4
8,2007,64,Carrie Underwood,Before He Cheats,0
8,2010,20,Rihanna,Hard,1
8,2002,23,Ashanti,Happy,1
8,2018,4,Drake,Emotionless,1
8,2016,21,Ariana Grande,Dangerous Woman,1
8,2002,20,P!nk,Just Like A Pill,2
8,2005,17,Eminem,When I'm Gone,4
8,2005,20,Coldplay,Speed Of Sound,0
8,2018,22,Ariana Grande,God Is A Woman,1
8,2016,23,Prince,When Doves Cry,4
8,2005,20,Amerie,1 Thing,4
8,2016,20,Kent Jones,Don't Mind,0
8,2005,27,Usher,Caught Up,4
8,2003,20,Ginuwine,In Those Jeans,3
8,2002,27,"DJ Sammy, Yanou",Heaven,0
8,2019,25,Bobby Helms,Jingle Bell Rock,3
8,2010,10,Miley Cyrus,Can't Be Tamed,4
8,2013,33,Zedd,Clarity,0
8,2019,41,Khalid,Better,1
8,2013,43,Capital Cities,Safe And Sound,1
8,2009,24,Drake,Forever,0
8,2010,27,La Roux,Bulletproof,1
8,2016,15,Kelly Clarkson,Piece By Piece,1
8,2011,19,Justin Bieber,Never Say Never,1
8,2017,43,Alessia Cara,Scars To Your Beautiful,1
8,2014,20,Aloe Blacc,The Man,2
8,2018,4,Eminem,The Ringer,1
8,2017,25,Drake,Fake Love,2
8,2006,20,Danity Kane,Show Stopper,2
8,2009,23,Pitbull,Hotel Room Service,1
8,2006,30,Nickelback,Far Away,0
8,2012,24,"Owl City, Carly Rae Jepsen",Good Time,1
8,2015,20,Sam Smith,Lay Me Down,3
8,2017,20,Drake,Passionfruit,2
8,2019,20,Blueface,Thotiana,2
8,2018,8,Travis Scott,Stargazing,0
8,2012,20,Adele,Skyfall,3
8,2018,5,Kanye West,Yikes,1
8,2007,15,Feist,1234,1
8,2004,20,Lloyd Banks,On Fire,2
8,2014,46,Sia,Chandelier,1
8,2010,3,Taylor Swift,Speak Now,4
8,2007,21,Fabolous,Make Me Better,2
8,2014,25,Charli XCX,Boom Clap,1
8,2018,21,Migos,Stir Fry,1
9,2002,20,Shakira,Underneath Your Clothes,2
9,2008,30,Estelle,American Boy,1
9,2008,24,Buckcherry,Sorry,1
9,2007,20,"Rihanna, Sean Paul",Break It Off,4
9,2015,31,Andy Grammer,"Honey, I'm Good.",4
9,2001,24,Nelly Furtado,I'm Like A Bird,2
9,2004,20,Britney Spears,Toxic,4
9,2009,18,Carrie Underwood,I Told You So,2
9,2004,21,OutKast,Roses,1
9,2004,25,Avril Lavigne,My Happy Ending,1
9,2003,20,Kelly Clarkson,Miss Independent,0
9,2008,7,"Demi Lovato, Joe Jonas",This Is Me,1
9,2013,22,Lil Wayne,Love Me,2
9,2007,36,P!nk,Who Knew,0
9,2019,27,Brenda Lee,Rockin' Around The Christmas Tree,4
9,2003,35,Uncle Kracker,Drift Away,4
9,2013,24,P!nk,Try,1
9,2012,21,Usher,Scream,4
9,2001,39,Incubus,Drive,1
9,2017,16,Drake,Portland,1
9,2004,26,Ying Yang Twins,Salt Shaker,2
9,2014,20,"Michael Jackson, Justin Timberlake",Love Never Felt So Good,4
9,2015,27,"Pitbull, Ne",Time Of Our Lives,1
9,2004,20,Ruben Studdard,Sorry 2004,2
9,2006,20,Chingy,Pullin' Me Back,2
9,2007,26,My Chemical Romance,Welcome To The Black Parade,1
9,2011,33,Lupe Fiasco,The Show Goes On,4
9,2009,23,Katy Perry,Waking Up In Vegas,0
9,2014,36,Ed Sheeran,Don't,1
9,2005,21,T.I.,Bring Em Out,4
9,2010,21,Lil Wayne,6 Foot 7 Foot,1
9,2003,27,R. Kelly,Step In The Name Of Love,2
9,1999,25,Len,Steal My Sunshine,0
9,2011,20,Drake,Make Me Proud,1
9,2000,20,Backstreet Boys,Shape Of My Heart,2
9,2010,28,Jason Derulo,Ridin' Solo,4
9,1999,29,Red Hot Chili Peppers,Scar Tissue,1
9,2007,20,Amy Winehouse,Rehab,1
9,2008,20,The Pussycat Dolls,When I Grow Up,2
9,2016,46,DNCE,Cake By The Ocean,4
9,2009,10,Eminem,We Made You,1
9,2013,26,Ariana Grande,The Way,4
9,2001,21,Jagged Edge,Promise,4
9,2009,14,Rihanna,Russian Roulette,2
9,2006,31,Fall Out Boy,"Dance, Dance",0
9,2005,20,Ludacris,Pimpin' All Over The World,4
9,2008,15,Taylor Swift,Fearless,1
10,2015,20,One Direction,Perfect,1
10,2015,34,Fall Out Boy,Centuries,0
10,2007,36,Unk,Walk It Out,1
10,2005,38,The Killers,Mr. Brightside,1
10,2004,28,No Doubt,It's My Life,4
10,2006,37,Panic! At The Disco,I Write Sins Not Tragedies,0
10,1999,20,Kevon Edmonds,24-7,1
10,2001,20,Michael Jackson,You Rock My World,4
10,2008,24,Jesse McCartney,Leavin',4
10,2005,43,Weezer,Beverly Hills,4
10,2009,20,Young Money,Every Girl,4
10,2006,22,Evanescence,Call Me When You're Sober,0
10,2005,28,Gavin DeGraw,I Don't Want To Be,1
10,2011,23,DJ Khaled,I'm On One,0
10,2007,11,Lil Mama,Lip Gloss,1
10,1999,17,LFO,Girl On TV,1
10,2006,21,Field Mob,So What,4
10,2017,15,Miley Cyrus,Malibu,0
10,2014,24,Paramore,Ain't It Fun,4
10,2008,30,Metro Station,Shake It,1
10,2004,20,Fabolous,Breathe,2
10,2009,22,Jordin Sparks,Battlefield,1
10,2008,27,Nickelback,Gotta Be Somebody,1
10,2010,20,Jay Sean,Do You Remember,4
10,2012,28,Chris Brown,Don't Wake Me Up,0
10,2002,20,Craig David,7 Days,4
10,2001,32,Enya,Only Time,3
10,2011,2,Taylor Swift,If This Was A Movie,0
10,2018,6,BTS,Fake Love,1
10,2015,38,Elle King,Ex's & Oh's,0
10,2001,20,Destiny's Child,Emotion,0
10,2018,12,J. Cole,KOD,1
10,2012,36,Train,Drive By,1
10,2006,23,Chris Brown,Say Goodbye,1
10,2013,21,Maroon 5,Love Somebody,1
10,2014,26,Coldplay,A Sky Full Of Stars,0
10,2015,26,Natalie La Rose,Somebody,1
10,2019,28,Ava Max,Sweet But Psycho,1
10,2011,15,Demi Lovato,Skyscraper,2
10,2008,27,Miley Cyrus,See You Again,4
10,2011,23,Kelly Clarkson,Mr. Know It All,1
10,2008,3,Taylor Swift,Change,0
10,2009,3,Taylor Swift,Jump Then Fall,1
10,2001,20,S Club 7,Never Had A Dream Come True,3
10,2002,24,N.O.R.E.,Nothin',1
10,2001,21,Tamia,Stranger In My House,1
10,2002,20,Avril Lavigne,Sk8er Boi,1
10,2015,30,Ed Sheeran,Photograph,3
10,2006,31,Cascada,Everytime We Touch,0
10,2008,27,Lil Wayne,Got Money,4
10,2008,22,Danity Kane,Damaged,4
10,2009,5,Hannah Montana,He Could Be The One,1
10,2017,28,Liam Payne,Strip That Down,2
10,2018,10,Andy Williams,It's The Most Wonderful Time Of The Year,0
10,2011,8,Lady Gaga,Judas,0
10,2012,20,Chris Brown,Turn Up The Music,1
10,2010,30,Adam Lambert,Whataya Want From Me,0
10,2013,20,Demi Lovato,Heart Attack,0
10,2003,22,Monica,So Gone,2
10,2018,22,Migos,Walk It Talk It,1
